USE fa_database;
INSERT INTO `Ability` (`id`,`amount`, `cost`, `cards_affected`, `effect`) VALUES
(1,  15, 20, 'aliado', 'curacion'),
(2,  15, 20, 'enemigo seleccionado', 'dano'),
(3,  10, 15, 'enemigo seleccionado', 'dano'),
(4,  25, 30, 'ambos enemigos', 'dano'),
(5,  15, 20, 'aliado', 'mejora_dano'),
(6,  20, 30, 'carta de tu mazo', 'curacion'),
(7,  20, 20, 'enemigo seleccionado', 'dano'),
(8,  0, 0, 'mismo', 'curacion'),
(9,  0, 0, 'mismo', 'curacion'),
(10, 0, 0, 'mismo', 'curacion'),
(11,  3, 0, 'mismo', 'escudo'),
(12,  30, 0, 'mismo', 'curacion'),
(13,  1, 0, 'mismo', 'escudo'),
(14,  2, 0, 'mismo', 'escudo'),
(15, 10, 0, 'Mike', 'mejora_dano'), 
(16,  10, 0, 'mismo', 'curacion'),
(17, 2, 0, 'enemigo_seleccionado', 'bloquea_dano'),
(18, 10, 0, 'mismo', 'curacion'),
(19, 10, 0, 'mismo', 'restaura_energia'),
(20, 10, 0, 'Eduardo', 'mejora_resistencia'),
(21, 5, 0, 'Brick', 'mejora_dano'),
(22, 5, 0, 'Brick', 'mejora_dano'),
(23, 10, 0, 'mismo', 'restaene'),
(24, 20, 0, 'Eduardo', 'mejora_dano'),
(25, 10, 0, 'Entrenador', 'mejora_dano'),
(26, 5, 0, 'activos', 'mejora_dano'),
(27, 5, 0, 'Martha', 'mejora_curacion'),
(28, 5, 0, 'mismo', 'mejora_curacion'),
(29, 6, 0, 'mismo', 'restaura_energia'),
(30, 20, 0, 'Brick', 'mejora_dano'),
(31, 3, 0, 'enemigo_seleccionado', 'bloquea_dano'),
(32, 10, 0, 'Martha', 'mejora_curacion'),
(33, 2, 0, 'Jack', 'bloquea_dano'),
(34, 2, 0, 'mismo', 'bloquea_dano'),
(35, 20, 0, 'Mike', 'mejora_dano'),
(36, 50, 0, 'aliados', 'curacion');

INSERT INTO `Character_card` (`id`, `name`,`nameAbility`, `description`, `ability`, `resistance`, `health`) VALUES
(1, 'Chef', 'Chef','Curacion con Queso', 1, 12, 100),
(2, 'Wendy', 'Campista Insectos','Rana Venenosa', 2, 9, 100),
(3, 'Brick', 'Campista Armas','Destruccion DIY', 3, 13, 100),
(4, 'Lumberjack', 'Leñador','Golpe de Lenador', 4, 15, 100),
(5, 'Coach', 'Entrenador','Pep-talk', 5, 20, 100),
(6, 'Lifeguard', 'Salvavidas','RCP', 6, 17, 100),
(7, 'Mike', 'Campista Rayos','Juicio Celestial', 7, 10, 100);



INSERT INTO `Powerup_card` (`id`, `name`, `description`, `ability`) VALUES
(8, 'Bombón', 'Board with cookies and chocolate to call smore.', 8),
(9, 'Cookie', 'Restores health', 9),
(10, 'Chocolate', 'Restores health', 10),
(11, 'Tent', 'Protects a character', 11),
(12, 'First Aid Kit', 'Heals an ally', 12),
(13, 'Mosquito Repellent', 'Blocks damage', 13),
(14, 'Campfire', 'Provides a shield', 14),
(15, 'Encyclopedia', 'Increases Mike\'s damage', 15),
(16, 'Granola Bar', 'Restores health', 16),
(17, 'Flashlight', 'Blinds an opponent', 17),
(18, 'Bandage', 'Restores health', 18),
(19, 'Energy Drink', 'Restores energy', 19),
(20, 'Flannel Shirt', 'Increases Lumberjack\'s resistance', 20),
(21, 'Wooden Sword', 'Increases Brick\'s attack', 21),
(22, 'Bow', 'Changes Brick\'s weapon', 22),
(23, 'Badge', 'Reduces energy cost', 23),
(24, 'Sharpener', 'Adds bleeding effect to Lumberjack\'s attack', 24),
(25, 'Dumbbell', 'Increases Coach\'s power', 25),
(26, 'Strange Stone', 'Increases all characters\' power', 26),
(27, 'Frying Pan', 'Increases Chef\'s healing', 27),
(28, 'Candy', 'Increases speed', 28),
(29, 'Coffee', 'Allows attack without energy cost', 29),
(30, 'Arrows', 'Enables Bow usage', 30),
(31, 'Fishing Net', 'Traps an opponent', 31),
(32, 'Spatula', 'Increases Chef\'s HP restoration', 32),
(33, 'Jetski', 'Allows Lifeguard to dodge', 33),
(34, 'Float', 'Prevents continuous damage', 34),
(35, 'Telescope', 'Increases Mike\'s basic ability', 35),
(36, 'Smore', 'revive a un personaje', 36);

select * from powerup_ability;
